City_ID,City,Lat,Lng,Max Temp,Humidity,Cloudiness,Wind Speed,Country,Date
0,hobart,-42.8794,147.3294,69.8,30,0,19.57,AU,1613960372
1,auki,-8.7676,160.7034,83.98,79,94,4.14,SB,1613960387
2,vaini,-21.2,-175.2,82.4,69,40,13.8,TO,1613960389
3,ushuaia,-54.8,-68.3,41.0,81,75,6.91,AR,1613960392
4,neuquen,-38.9516,-68.0591,69.8,40,0,9.22,AR,1613960394
5,jamestown,42.097,-79.2353,28.99,43,90,12.66,US,1613960248
6,acapulco,16.8634,-99.8901,78.8,73,20,8.05,MX,1613960110
7,cape town,-33.9258,18.4232,62.01,63,0,11.5,ZA,1613960108
8,rikitea,-23.1203,-134.9692,80.22,66,0,7.23,PF,1613960402
9,ostrov,57.3439,28.3537,33.8,100,90,2.24,RU,1613960404
10,mataura,-46.1927,168.8643,71.01,60,100,5.99,NZ,1613960407
11,vardo,70.3705,31.1107,10.29,94,100,25.26,NO,1613960409
12,filingue,14.3521,3.3168,66.78,22,0,8.95,NE,1613960412
13,hermanus,-34.4187,19.2345,57.0,76,47,11.01,ZA,1613960414
14,saint george,37.1041,-113.5841,53.01,25,1,8.05,US,1613960353
15,koumac,-20.5667,164.2833,86.0,67,70,4.63,NC,1613960418
16,harper,4.375,-7.7169,78.62,85,85,4.79,LR,1613960420
17,saint-philippe,-21.3585,55.7679,77.0,69,0,3.44,RE,1613960422
18,chitungwiza,-18.0127,31.0756,64.0,80,100,4.0,ZW,1613960424
19,punta arenas,-53.15,-70.9167,46.4,61,90,16.11,CL,1613960246
20,khatanga,71.9667,102.5,-26.91,85,100,12.06,RU,1613960431
21,bethel,41.3712,-73.414,21.0,73,1,1.48,US,1613960433
22,dogondoutchi,13.6393,4.0287,69.31,19,12,11.12,NE,1613960435
23,kresek,-6.1314,106.3797,86.0,78,75,5.75,ID,1613960437
24,blagoyevo,63.3667,47.9167,-32.44,82,0,4.94,RU,1613960439
25,tuatapere,-46.1333,167.6833,71.01,60,100,5.99,NZ,1613960441
26,qaanaaq,77.484,-69.3632,-13.81,72,100,4.54,GL,1613960443
27,atuona,-9.8,-139.0333,79.11,80,100,14.76,PF,1613960446
28,san quintin,30.4833,-115.95,60.82,52,0,3.8,MX,1613960448
29,guerrero negro,27.9769,-114.0611,66.54,26,0,6.2,MX,1613960450
30,cabo san lucas,22.8909,-109.9124,66.99,72,1,3.44,MX,1613960452
31,kaitangata,-46.2817,169.8464,66.0,77,100,7.0,NZ,1613960454
32,puerto ayora,-0.7393,-90.3518,75.0,94,50,1.99,EC,1613960456
33,labrea,-7.2586,-64.7981,73.56,96,86,2.44,BR,1613960458
34,bathurst,-33.4166,149.5806,86.0,40,15,5.99,AU,1613960461
35,padang,-0.9492,100.3543,87.8,62,20,1.14,ID,1613960463
36,bluff,-46.6,168.3333,71.01,60,100,5.99,NZ,1613960465
37,san juan,-31.5375,-68.5364,83.32,30,0,9.06,AR,1613960467
38,mildura,-34.2,142.15,73.4,35,0,11.5,AU,1613960469
39,bani walid,31.7566,13.9942,49.71,83,0,4.79,LY,1613960471
40,bambous virieux,-20.3428,57.7575,77.0,94,75,11.5,MU,1613960473
41,mandalgovi,45.7625,106.2708,17.2,85,100,6.38,MN,1613960475
42,nikolskoye,59.7035,30.7861,12.2,85,75,15.66,RU,1613960480
43,gao,16.6362,1.637,66.88,22,0,10.33,ML,1613960482
44,tuktoyaktuk,69.4541,-133.0374,-9.4,77,75,18.41,CA,1613960484
45,vite,17.2833,74.55,66.96,63,0,2.62,IN,1613960486
46,kodiak,57.79,-152.4072,35.6,64,90,5.75,US,1613960488
47,husavik,66.0449,-17.3389,32.0,93,90,3.44,IS,1613960490
48,aksu,41.1231,80.2644,36.75,70,100,3.24,CN,1613960492
49,abay,49.6311,72.8539,6.8,85,40,15.66,KZ,1613960494
50,bredasdorp,-34.5322,20.0403,50.0,87,55,5.26,ZA,1613960496
51,raga,8.4596,25.678,63.66,28,100,3.27,SS,1613960499
52,yamoussoukro,6.8206,-5.2767,75.2,83,0,4.61,CI,1613960501
53,ganzhou,28.8184,115.4327,70.83,61,100,2.26,CN,1613960503
54,wucheng,29.6008,118.175,70.52,58,81,1.34,CN,1613960505
55,yellowknife,62.456,-114.3525,-7.01,64,90,8.05,CA,1613960507
56,georgetown,5.4112,100.3354,82.4,57,20,9.22,MY,1613960245
57,anderson,34.5334,-82.6499,46.99,46,90,9.22,US,1613960511
58,daru,-9.0763,143.2092,86.95,67,84,5.79,PG,1613960513
59,banjar,-8.19,114.9675,84.2,84,75,9.22,ID,1613960515
60,kapaa,22.0752,-159.319,75.99,83,75,14.97,US,1613960518
61,kalabo,-14.97,22.6814,67.66,90,100,5.19,ZM,1613960520
62,sistranda,63.7256,8.834,39.2,87,0,14.97,NO,1613960522
63,richards bay,-28.783,32.0377,70.97,86,100,8.52,ZA,1613960526
64,ondangwa,-17.9167,15.95,71.35,65,100,6.44,NA,1613960528
65,hofn,64.2539,-15.2082,40.69,69,100,6.46,IS,1613960530
66,dapaong,10.8639,0.205,72.05,17,23,7.99,TG,1613960532
67,ponta do sol,32.6667,-17.1,57.99,96,100,10.69,PT,1613960535
68,souillac,-20.5167,57.5167,77.0,94,75,11.5,MU,1613960537
69,touros,-5.1989,-35.4608,80.6,74,40,8.05,BR,1613960539
70,provideniya,64.3833,-173.3,-4.45,82,11,1.97,RU,1613960541
71,brindisi,40.5833,17.6667,48.99,93,0,2.3,IT,1613960543
72,iranshahr,27.2025,60.6848,60.8,59,0,1.3,IR,1613960545
73,broome,42.2506,-75.833,21.99,58,1,5.75,US,1613960547
74,muisne,0.6,-80.0333,76.95,84,100,4.65,EC,1613960549
75,bambanglipuro,-7.95,110.2833,84.56,67,87,2.13,ID,1613960551
76,avarua,-21.2078,-159.775,80.6,83,75,6.91,CK,1613960285
77,east london,-33.0153,27.9116,65.01,68,14,8.86,ZA,1613960556
78,kavieng,-2.5744,150.7967,84.24,72,97,6.53,PG,1613960558
79,manokwari,-0.8667,134.0833,77.94,88,100,10.6,ID,1613960560
80,egersund,58.4513,5.9997,46.4,87,75,11.5,NO,1613960562
81,ilulissat,69.2167,-51.1,8.6,72,90,5.75,GL,1613960564
82,mar del plata,-38.0023,-57.5575,73.99,88,75,6.91,AR,1613960389
83,marsabit,2.3284,37.9899,69.33,66,100,6.62,KE,1613960568
84,makakilo city,21.3469,-158.0858,75.2,88,90,5.75,US,1613960570
85,itarema,-2.9248,-39.9167,80.33,82,47,12.93,BR,1613960573
86,carnarvon,-24.8667,113.6333,86.0,74,1,13.8,AU,1613960575
87,nassau,40.7507,-73.5829,32.0,63,1,2.64,US,1613960577
88,pevek,69.7008,170.3133,-16.42,88,100,6.69,RU,1613960579
89,dorado,18.4588,-66.2677,77.0,86,0,1.99,PR,1613960419
90,moron,-34.6534,-58.6198,80.01,63,0,3.0,AR,1613960583
91,arraial do cabo,-22.9661,-42.0278,75.74,88,1,8.59,BR,1613960585
92,del rio,29.3627,-100.8968,61.0,67,0,10.22,US,1613960587
93,montbrison,45.6667,4.0833,59.0,33,0,10.36,FR,1613960589
94,pontes e lacerda,-15.2261,-59.3353,75.31,85,100,1.95,BR,1613960525
95,isangel,-19.55,169.2667,84.67,70,33,14.45,VU,1613960598
96,codrington,-38.2667,141.9667,62.13,54,98,18.57,AU,1613960600
97,rodrigues alves,-7.738,-72.6509,73.85,95,99,2.77,BR,1613960602
98,kalengwa,-13.4659,25.0027,63.5,97,100,1.48,ZM,1613960604
99,bengkulu,-3.8004,102.2655,82.24,71,81,1.86,ID,1613960606
100,sivas,39.7916,37.0019,3.2,85,0,3.44,TR,1613960608
101,paamiut,61.994,-49.6678,15.12,89,0,8.48,GL,1613960610
102,anamur,36.0751,32.8369,41.0,75,0,6.91,TR,1613960474
103,faya,18.3851,42.4509,57.2,94,0,4.32,SA,1613960615
104,high level,58.5169,-117.136,5.0,85,75,12.66,CA,1613960617
105,nanortalik,60.1432,-45.2371,23.43,94,100,10.16,GL,1613960619
106,nador,35.174,-2.9287,55.4,62,20,14.97,MA,1613960621
107,antas,41.7364,-8.3089,42.01,93,28,1.01,PT,1613960623
108,vila franca do campo,37.7167,-25.4333,61.0,94,40,25.32,PT,1613960625
109,vieques,18.425,-65.8329,77.0,78,20,11.5,PR,1613960627
110,tual,-5.6667,132.75,83.05,77,100,18.12,ID,1613960630
111,great yarmouth,52.6083,1.7305,44.6,93,95,1.14,GB,1613960632
112,faanui,-16.4833,-151.75,81.68,68,67,4.52,PF,1613960634
113,ribeira grande,38.5167,-28.7,61.97,87,99,27.67,PT,1613960636
114,bay roberts,47.5999,-53.2648,10.0,62,100,5.01,CA,1613960638
115,barrow,71.2906,-156.7887,-5.8,77,90,13.8,US,1613960640
116,fortuna,40.5982,-124.1573,51.01,93,90,5.75,US,1613960642
117,lebu,-37.6167,-73.65,56.44,89,10,6.38,CL,1613960644
118,batemans bay,-35.7167,150.1833,72.0,86,100,8.34,AU,1613960646
119,ransang,8.9603,117.5828,79.54,76,100,6.91,PH,1613960649
120,balyaga,51.1507,108.921,-2.49,88,5,2.86,RU,1613960651
121,albany,42.6001,-73.9662,21.0,50,0,2.46,US,1613960622
122,ambon,-3.6954,128.1814,89.6,62,40,9.22,ID,1613960617
123,luderitz,-26.6481,15.1594,64.47,68,0,17.58,NA,1613960657
124,chara,56.9064,118.2631,-15.56,71,91,1.34,RU,1613960659
125,sorland,67.667,12.6934,41.67,91,100,31.47,NO,1613960661
126,ugoofaaru,5.6667,73.0,81.82,75,83,11.41,MV,1613960663
127,jodhpur,26.2867,73.03,58.59,32,0,2.8,IN,1613960665
128,casablanca,33.5928,-7.6192,55.0,100,40,6.91,MA,1613960548
129,lagoa,39.05,-27.9833,60.94,87,44,32.82,PT,1613960670
130,toora-khem,52.4675,96.11,2.05,88,100,1.25,RU,1613960471
131,jalu,29.0331,21.5482,52.5,51,0,8.28,LY,1613960674
132,mudgee,-32.5943,149.5871,87.01,42,0,9.22,AU,1613960676
133,tabou,4.423,-7.3528,78.04,86,98,4.12,CI,1613960678
134,sept-iles,50.2001,-66.3821,12.2,57,1,5.75,CA,1613960680
135,saint anthony,45.0205,-93.218,27.0,86,90,3.56,US,1613960682
136,pau brasil,-15.4642,-39.6511,70.83,96,93,2.3,BR,1613960684
137,adrar,20.5022,-10.0711,65.3,23,0,11.74,MR,1613960689
138,lodja,-3.4833,23.4333,69.13,83,100,1.79,CD,1613960691
139,san cristobal,7.7669,-72.225,66.74,86,82,2.06,VE,1613960693
140,madarounfa,13.3087,7.156,65.53,23,1,12.21,NE,1613960695
141,caconda,-13.7333,15.0667,55.24,88,100,3.2,AO,1613960697
142,srednekolymsk,67.45,153.6833,-26.82,82,0,4.0,RU,1613960699
143,hamilton,39.1834,-84.5333,39.2,65,1,4.61,US,1613960691
144,leh,34.1667,77.5833,13.48,77,11,1.97,IN,1613960703
145,los llanos de aridane,28.6585,-17.9182,60.8,72,0,5.75,ES,1613960708
146,hithadhoo,-0.6,73.0833,82.65,72,98,10.4,MV,1613960710
147,port alfred,-33.5906,26.891,62.01,86,69,3.0,ZA,1613960712
148,leshukonskoye,64.8989,45.7622,-33.56,83,0,4.27,RU,1613960714
149,yanam,16.7333,82.2167,75.2,83,40,3.44,IN,1613960716
150,lorengau,-2.0226,147.2712,85.44,70,96,7.16,PG,1613960718
151,leningradskiy,69.3833,178.4167,-11.7,85,100,10.98,RU,1613960720
152,upernavik,72.7868,-56.1549,-20.0,83,19,14.5,GL,1613960722
153,port elizabeth,-33.918,25.5701,60.8,82,75,6.91,ZA,1613960725
154,baoqing,46.3317,132.2111,16.41,94,94,2.51,CN,1613960727
155,torbay,47.6666,-52.7314,12.0,66,90,21.85,CA,1613960729
156,esperance,-33.8667,121.9,69.8,60,90,11.5,AU,1613960731
157,castro,-24.7911,-50.0119,62.64,94,21,9.4,BR,1613960733
158,marawi,7.9986,124.2928,80.01,81,6,5.01,PH,1613960735
159,aswan,24.0934,32.907,51.53,49,0,8.08,EG,1613960737
160,alice springs,-23.7,133.8833,89.6,29,0,10.36,AU,1613960617
161,coahuayana,18.7333,-103.6833,68.38,85,0,1.41,MX,1613960744
162,hilo,19.7297,-155.09,77.0,65,90,12.66,US,1613960527
163,maniitsoq,65.4167,-52.9,22.44,87,13,14.32,GL,1613960748
164,thompson,55.7435,-97.8558,28.4,74,90,4.61,CA,1613960750
165,tezu,27.9167,96.1667,74.39,25,0,1.23,IN,1613960752
166,busselton,-33.65,115.3333,75.0,60,0,5.01,AU,1613960754
167,bayangol,50.6977,103.4656,-2.63,85,100,0.56,RU,1613960756
168,pistsovo,57.179,40.5298,-11.2,77,0,4.47,RU,1613960758
169,solnechnyy,50.7214,136.6319,6.57,91,100,3.18,RU,1613960761
170,northam,51.0333,-4.2167,46.99,95,100,1.01,GB,1613960763
171,fort smith,35.3859,-94.3986,48.2,87,1,9.22,US,1613960555
172,chokurdakh,70.6333,147.9167,-32.53,83,27,6.96,RU,1613960649
173,ahipara,-35.1667,173.1667,73.29,58,81,11.54,NZ,1613960771
174,bayir,37.2687,28.2167,33.8,100,0,2.3,TR,1613960773
175,khandyga,62.6667,135.6,-18.27,85,99,2.46,RU,1613960775
176,saint-pierre,-21.3393,55.4781,77.0,69,0,3.44,RE,1613960777
177,sao filipe,14.8961,-24.4956,71.31,69,0,13.33,CV,1613960780
178,butaritari,3.0707,172.7902,81.45,78,100,18.54,KI,1613960782
179,yerbogachen,61.2767,108.0108,-20.31,86,90,5.99,RU,1613960784
180,omboue,-1.5746,9.2618,78.51,85,100,4.88,GA,1613960786
181,zhigansk,66.7697,123.3711,-23.13,85,100,0.65,RU,1613960788
182,staryy nadym,65.6118,72.6842,-32.84,83,88,7.58,RU,1613960790
183,aripuana,-9.1667,-60.6333,70.9,99,100,0.72,BR,1613960792
184,lompoc,34.6391,-120.4579,60.01,71,1,9.22,US,1613960513
185,westport,41.1415,-73.3579,28.99,50,1,2.57,US,1613960796
186,itoman,26.1247,127.6694,73.0,64,20,9.22,JP,1613960801
187,zemio,5.0314,25.1361,65.12,37,100,2.51,CF,1613960803
188,iberia,29.9502,-91.7507,62.6,72,90,4.61,US,1613960809
189,san patricio,28.017,-97.5169,68.0,77,75,13.8,US,1613960811
190,sitka,57.0531,-135.33,37.4,87,90,13.06,US,1613960546
191,geraldton,-28.7667,114.6,91.4,35,0,11.5,AU,1613960817
192,aldergrove,49.058,-122.4709,50.0,87,90,16.11,CA,1613960820
193,san jeronimo,-11.9472,-75.2829,50.63,74,91,1.34,PE,1613960822
194,ploemeur,47.7333,-3.4333,51.01,100,90,4.61,FR,1613960824
195,yulara,-25.2406,130.9889,89.6,25,98,14.97,AU,1613960826
196,minot,48.2325,-101.2963,37.4,52,1,5.75,US,1613960651
197,taoudenni,22.6783,-3.9836,71.4,18,8,10.29,ML,1613960830
198,majene,-3.5403,118.9707,81.97,69,100,3.22,ID,1613960832
199,yar-sale,66.8333,70.8333,-38.2,81,44,5.3,RU,1613960834
200,hovd,48.0056,91.6419,20.19,74,0,7.23,MN,1613960836
201,porto novo,6.4965,2.6036,82.4,83,20,9.22,BJ,1613960839
202,ossora,59.2353,163.0719,11.21,93,100,9.73,RU,1613960841
203,saskylakh,71.9167,114.0833,-27.0,84,94,3.51,RU,1613960843
204,wewak,-3.5534,143.6268,86.2,63,75,4.32,PG,1613960845
205,galveston,29.3669,-94.9669,60.8,82,90,4.61,US,1613960847
206,atar,20.5169,-13.0499,66.72,24,0,8.66,MR,1613960849
207,teya,60.3778,92.6267,-11.09,87,100,2.3,RU,1613960851
208,waingapu,-9.6567,120.2641,85.05,67,100,3.0,ID,1613960853
209,mahebourg,-20.4081,57.7,77.0,94,75,11.5,MU,1613960855
210,takoradi,4.8845,-1.7554,79.32,84,2,5.08,GH,1613960857
211,ketchikan,55.3422,-131.6461,42.8,70,90,5.57,US,1613960697
212,ahuimanu,21.4447,-157.8378,78.8,65,75,9.22,US,1613960862
213,lata,40.1629,-8.3327,50.0,93,20,4.61,PT,1613960864
214,bridlington,54.0831,-0.1919,48.0,87,100,8.01,GB,1613960868
215,nhulunbuy,-12.2333,136.7667,84.2,84,75,11.5,AU,1613960713
216,goderich,43.7501,-81.7165,24.8,63,100,14.97,CA,1613960872
217,moerai,-22.4333,-151.3333,80.13,77,100,29.82,PF,1613960874
218,porto velho,-8.7619,-63.9039,75.2,94,20,1.14,BR,1613960876
219,velizh,55.6056,31.1967,32.04,99,100,5.79,RU,1613960879
220,viedma,-40.8135,-62.9967,68.45,38,0,18.77,AR,1613960881
221,atasu,48.6814,71.6433,11.28,96,100,11.3,KZ,1613960883
222,rantepao,-2.9701,119.8978,78.12,64,99,3.53,ID,1613960658
223,clyde river,70.4692,-68.5914,-16.6,83,90,8.05,CA,1613960887
224,lasa,46.6166,10.7002,41.0,78,0,4.25,IT,1613960889
225,thabazimbi,-24.5917,27.4116,69.58,72,88,2.59,ZA,1613960891
226,eyl,7.9803,49.8164,71.42,81,100,12.19,SO,1613960893
227,alekseyevka,50.6309,38.6903,32.31,97,99,13.62,RU,1613960895
228,new norfolk,-42.7826,147.0587,66.99,50,96,5.01,AU,1613960898
229,garowe,8.4054,48.4845,61.02,92,74,6.29,SO,1613960900
230,katsuura,35.1333,140.3,68.0,82,0,5.75,JP,1613960902
231,salinopolis,-0.6136,-47.3561,79.23,84,99,9.06,BR,1613960904
232,lom sak,16.7798,101.2422,87.01,60,0,2.3,TH,1613960906
233,darnah,32.767,22.6367,56.12,71,20,15.77,LY,1613960908
234,jumla,29.2747,82.1838,45.32,50,0,2.91,NP,1613960910
235,longyearbyen,78.2186,15.6401,23.0,74,40,11.5,SJ,1613960912
236,smithers,54.7804,-127.1743,37.4,81,90,2.3,CA,1613960914
237,margate,51.3813,1.3862,53.01,80,100,1.99,GB,1613960917
238,zhangjiakou,40.81,114.8794,29.5,77,9,10.92,CN,1613960919
239,te anau,-45.4167,167.7167,70.5,29,100,7.25,NZ,1613960921
240,brae,60.3964,-1.353,44.6,81,26,14.97,GB,1613960923
241,sinnamary,5.3833,-52.95,77.27,86,84,15.26,GF,1613960925
242,mangaratiba,-22.9597,-44.0406,75.2,88,90,9.22,BR,1613960927
243,kruisfontein,-34.0033,24.7314,57.0,86,6,2.82,ZA,1613960929
244,jamsa,61.8642,25.19,14.0,92,90,8.05,FI,1613960931
245,suzhou,31.3114,120.6181,69.01,48,100,5.66,CN,1613960933
246,rome,34.257,-85.1647,46.4,49,40,5.91,US,1613960852
247,victoria,22.2855,114.1577,73.0,72,0,4.09,HK,1613960692
248,verkhoyansk,67.5447,133.385,-26.25,78,100,1.79,RU,1613960940
249,san-pedro,4.7485,-6.6363,76.86,90,40,5.21,CI,1613960944
250,balykshi,47.0667,51.8667,23.0,100,75,13.42,KZ,1613960946
251,poum,-20.2333,164.0167,83.59,78,76,13.51,NC,1613960948
252,santander de quilichao,3.0095,-76.4849,75.2,64,75,12.66,CO,1613960950
253,banff,51.1762,-115.5698,42.8,52,89,10.36,CA,1613960952
254,cooma,-36.2333,149.1333,69.8,68,40,17.27,AU,1613960955
255,pisco,-13.7,-76.2167,75.0,73,0,10.36,PE,1613960957
256,salalah,17.0151,54.0924,71.6,68,20,4.61,OM,1613960765
257,grindavik,63.8424,-22.4338,32.0,93,0,5.75,IS,1613960961
258,gallup,35.5281,-108.7426,33.8,32,1,6.91,US,1613960952
259,puerto escondido,15.85,-97.0667,75.2,88,1,3.44,MX,1613960965
260,norman wells,65.282,-126.8329,-23.8,76,40,2.3,CA,1613960967
261,mogadishu,2.0371,45.3438,77.14,84,100,18.54,SO,1613960837
262,troitsko-pechorsk,62.7084,56.1964,-40.32,80,30,5.82,RU,1613960973
263,hay river,60.8156,-115.7999,-5.8,77,100,9.22,CA,1613960976
264,khovu-aksy,51.1333,93.6,7.54,88,100,2.75,RU,1613960978
265,muborak,39.2553,65.1528,41.81,66,33,9.46,UZ,1613960980
266,ntungamo,-0.8833,29.65,66.88,69,100,3.2,UG,1613960982
267,dingle,10.9995,122.6711,76.3,93,100,5.23,PH,1613960986
268,yakeshi,49.2833,120.7333,-6.84,87,0,9.33,CN,1613960990
269,kabare,-2.4683,28.8242,61.02,86,100,2.51,CD,1613960993
270,imbituba,-28.24,-48.6703,71.6,88,20,1.14,BR,1613960962
271,chuy,-33.6971,-53.4616,68.05,87,0,9.91,UY,1613960999
272,kesova gora,57.5836,37.2922,-2.94,92,100,10.04,RU,1613961003
273,mantua,45.1667,10.7833,46.99,95,89,1.99,IT,1613961008
274,lavrentiya,65.5833,-171.0,-13.97,82,0,4.38,RU,1613961010
275,amahai,-3.3333,128.9167,86.47,61,94,1.32,ID,1613961016
276,college,64.8569,-147.8028,-11.0,70,100,1.59,US,1613961021
277,muros,42.7762,-9.0603,37.99,95,8,1.01,ES,1613961023
278,chimore,-16.9833,-65.1333,75.38,77,100,0.47,BO,1613961025
279,saldanha,-33.0117,17.9442,55.4,76,0,8.05,ZA,1613961035
280,camacha,33.0833,-16.3333,60.8,82,40,17.27,PT,1613961041
281,namibe,-15.1961,12.1522,69.4,75,98,5.88,AO,1613961043
282,luanda,-8.8368,13.2343,78.8,83,75,6.91,AO,1613960980
283,gat,31.61,34.7642,46.0,93,0,1.14,IL,1613961052
284,komsomolskiy,40.4272,71.7189,41.0,87,90,4.61,UZ,1613961054
285,arroyo,41.6096,-4.7969,41.0,93,90,16.11,ES,1613961056
286,harda,22.3333,77.1,72.23,20,0,4.85,IN,1613961058
287,lipin bor,60.2622,37.9763,-16.91,87,100,7.7,RU,1613961060
288,rafsanjan,30.4067,55.9939,48.9,64,0,3.8,IR,1613961063
289,garissa,-0.4536,39.6401,74.77,80,100,6.76,KE,1613961071
290,romans-sur-isere,45.0464,5.0562,48.99,87,0,5.75,FR,1613961073
291,kavarna,43.4333,28.3333,30.0,100,27,1.14,BG,1613961078
292,yining,29.0361,114.5636,76.48,53,99,0.34,CN,1613961080
293,sukhumi,43.0033,41.0153,36.48,78,100,2.86,GE,1613961082
294,tiksi,71.6872,128.8694,-26.0,85,35,5.5,RU,1613961090
295,soure,-0.7167,-48.5233,78.39,87,100,6.15,BR,1613961092
296,demba,-5.51,22.2667,66.51,95,98,1.95,CD,1613961097
297,aykhal,66.0,111.5,-28.21,81,48,1.83,RU,1613961099
298,havoysund,70.9963,24.6622,8.6,72,20,25.32,NO,1613961101
299,tchollire,8.4022,14.1698,67.1,25,23,1.19,CM,1613961103
300,roswell,34.0232,-84.3616,53.6,47,90,5.75,US,1613961104
301,iqaluit,63.7506,-68.5145,-14.01,76,75,2.3,CA,1613960959
302,ballina,-28.8667,153.5667,86.0,54,0,11.5,AU,1613961113
303,narsaq,60.9167,-46.05,12.2,62,95,6.91,GL,1613961115
304,nyurba,63.2842,118.3319,-24.34,84,11,5.06,RU,1613961117
305,kaeo,-35.1,173.7833,75.0,64,89,8.99,NZ,1613961122
306,salvador,13.8333,-88.9167,78.8,69,0,3.44,SV,1613961124
307,maneadero,31.7167,-116.5667,66.0,30,0,3.0,MX,1613961126
308,uyuni,-20.4597,-66.825,55.92,50,100,10.83,BO,1613961131
309,arlit,18.7369,7.3853,59.22,27,0,4.47,NE,1613961133
310,dingli,35.8614,14.3822,55.99,88,40,11.5,MT,1613961135
311,sao joao da barra,-21.6403,-41.0511,75.45,93,100,5.61,BR,1613961137
312,palauig,15.435,119.9045,78.13,73,100,3.44,PH,1613961142
313,kentau,43.5206,68.5094,30.38,76,0,3.85,KZ,1613961148
314,ogre,56.8162,24.614,33.01,93,99,5.75,LV,1613961115
315,redmond,47.674,-122.1215,52.0,87,100,1.01,US,1613961151
316,quelimane,-17.8786,36.8883,80.6,94,0,2.3,MZ,1613961156
317,ancud,-41.8697,-73.8203,53.01,82,75,3.44,CL,1613961159
318,dikson,73.5069,80.5464,1.0,94,100,5.95,RU,1613961161
319,karratha,-20.7377,116.8463,99.99,33,41,10.71,AU,1613961163
320,mount isa,-20.7333,139.5,93.2,40,17,8.05,AU,1613961041
321,fairlie,55.756,-4.8556,44.01,89,100,8.01,GB,1613961169
322,quezon,7.7303,125.0989,86.45,58,42,4.16,PH,1613961172
323,petropavlovsk-kamchatskiy,53.0452,158.6483,35.6,51,40,2.24,RU,1613961174
324,comodoro rivadavia,-45.8667,-67.5,57.2,67,40,8.05,AR,1613961176
325,ontario,34.0633,-117.6509,66.99,15,1,14.97,US,1613960997
326,riyadh,24.6877,46.7219,51.8,62,0,7.52,SA,1613960950
327,maridi,4.9158,29.4742,64.15,29,12,3.42,SS,1613961184
328,kargil,34.5667,76.1,17.64,85,97,2.39,IN,1613961186
329,flinders,-34.5833,150.8552,82.0,71,16,8.99,AU,1613961191
330,byron bay,-28.65,153.6167,86.0,54,0,11.5,AU,1613961193
331,manama,26.2154,50.5832,66.2,77,0,12.66,BH,1613961195
332,tomatlan,19.9333,-105.25,64.98,91,0,1.19,MX,1613961197
333,yenangyaung,20.4667,94.8833,83.52,34,33,2.37,MM,1613961199
334,blackfoot,43.1905,-112.345,32.0,69,75,18.41,US,1613961201
335,hanzhong,33.0728,107.0303,64.58,33,100,1.72,CN,1613961203
336,pokrovskoye,47.4157,38.8971,33.01,86,100,13.0,RU,1613961206
337,ucluelet,48.9329,-125.5528,48.2,93,90,10.36,CA,1613961208
338,abu dhabi,24.4667,54.3667,71.6,88,0,8.05,AE,1613961117
339,ban nahin,18.2418,104.2122,81.0,49,0,2.24,LA,1613961212
340,turbat,26.0023,63.044,64.08,30,0,0.65,PK,1613961214
341,esquipulas,14.5667,-89.35,61.43,91,83,5.97,GT,1613961216
342,tasiilaq,65.6145,-37.6368,32.0,93,90,31.07,GL,1613961218
343,san diego de la union,21.4667,-100.8667,58.53,34,0,1.32,MX,1613961220
344,vanimo,-2.6741,141.3028,85.21,66,80,5.79,PG,1613961222
345,huarmey,-10.0681,-78.1522,70.88,77,90,8.79,PE,1613961225
346,idlib,35.9306,36.6339,30.2,86,0,2.3,SY,1613961227
347,waddan,29.1614,16.139,51.24,51,0,8.19,LY,1613961231
348,xining,36.6167,101.7667,39.76,48,100,1.99,CN,1613961233
349,peniche,39.3558,-9.3811,48.99,88,7,5.7,PT,1613961235
350,mamlyutka,54.9375,68.5394,-25.6,75,0,4.47,KZ,1613961237
351,roald,62.5833,6.1333,44.6,70,80,11.5,NO,1613961239
352,sargodha,32.0836,72.6711,65.03,28,71,2.17,PK,1613961186
353,minbu,20.1833,94.8833,83.97,35,26,4.0,MM,1613961244
354,mehamn,71.0357,27.8492,4.12,92,98,22.35,NO,1613961246
355,bitung,1.4451,125.1824,84.2,74,40,6.91,ID,1613961066
356,port macquarie,-31.4333,152.9167,87.01,52,0,4.0,AU,1613961250
357,jinka,5.65,36.65,63.81,82,90,2.91,ET,1613961254
358,kampong cham,11.9934,105.4635,82.69,52,95,9.13,KH,1613961258
359,mitu,1.1983,-70.1733,73.76,93,98,3.04,CO,1613961261
360,presidencia roque saenz pena,-26.7852,-60.4388,80.01,53,0,1.99,AR,1613961263
361,astana,51.1801,71.446,-9.4,77,75,6.71,KZ,1613961265
362,katherine,-14.4667,132.2667,82.4,83,90,8.05,AU,1613961267
363,inuvik,68.3499,-133.7218,-20.2,76,85,4.61,CA,1613961269
364,atambua,-9.1061,124.8925,81.07,75,87,5.39,ID,1613961271
365,mocuba,-16.8392,36.9856,74.55,94,8,1.59,MZ,1613961273
366,haines junction,60.7522,-137.5108,1.4,85,100,2.3,CA,1613961275
367,constitucion,-35.3333,-72.4167,55.13,86,0,11.61,CL,1613961278
368,pakxan,18.3778,103.6601,81.0,49,0,2.01,LA,1613961194
369,imeni poliny osipenko,52.4201,136.4853,8.1,91,100,2.26,RU,1613961284
370,rundu,-17.9333,19.7667,65.07,93,100,8.48,NA,1613961288
371,fano,43.8204,13.0121,44.01,100,90,1.14,IT,1613961290
372,bandrele,-12.9067,45.1914,78.8,89,0,4.61,YT,1613961292
373,farafangana,-22.8167,47.8333,76.26,91,8,3.15,MG,1613961294
374,laredo,27.5064,-99.5075,68.0,52,1,8.05,US,1613961100
375,pouebo,-20.4,164.5667,85.44,70,97,7.43,NC,1613961301
376,henties bay,-22.116,14.2845,62.01,87,1,3.0,NA,1613961303
377,portland,45.5234,-122.6762,50.0,81,90,18.41,US,1613960935
378,salta,-24.7859,-65.4117,69.8,83,75,3.44,AR,1613961253
379,rio grande,-32.035,-52.0986,71.01,91,0,12.73,BR,1613961309
380,asau,46.4333,26.4,37.0,56,35,4.65,RO,1613961311
381,neiafu,-18.65,-173.9833,84.2,70,75,10.36,TO,1613961314
382,cherskiy,68.75,161.3,-26.63,84,100,6.67,RU,1613961316
383,boca do acre,-8.7522,-67.3978,72.34,97,100,0.94,BR,1613961318
384,lusambo,-4.9667,23.45,70.36,86,100,1.63,CD,1613961320
385,maldonado,-34.6667,-54.9167,73.0,94,0,3.44,UY,1613961322
386,vostok,46.4856,135.8833,16.43,94,100,2.71,RU,1613961326
387,oskarshamn,57.2645,16.4484,32.0,100,90,3.62,SE,1613961330
388,bousse,12.6606,-1.8922,71.6,17,0,4.61,BF,1613961333
389,toamasina,-18.1667,49.3833,75.2,94,75,3.44,MG,1613961335
390,ola,59.5833,151.2833,7.02,83,100,11.52,RU,1613961337
391,cayenne,4.9333,-52.3333,80.6,78,75,5.75,GF,1613961339
392,airai,-8.9266,125.4092,74.62,71,69,3.36,TL,1613961341
393,qatana,33.4354,36.0815,44.01,45,40,11.5,SY,1613961343
394,salisbury,51.0693,-1.7957,46.4,93,75,4.61,GB,1613961302
395,yabrud,33.9674,36.6574,41.0,45,40,11.5,SY,1613961349
396,amparafaravola,-17.5833,48.2167,66.6,93,62,4.9,MG,1613961352
397,lazarev,52.225,141.5131,3.09,90,8,3.49,RU,1613961354
398,diego de almagro,-26.3667,-70.05,55.58,71,0,0.22,CL,1613961091
399,hobyo,5.3505,48.5268,77.77,73,100,17.09,SO,1613961358
400,kilindoni,-7.9139,39.6668,81.23,79,83,6.93,TZ,1613961360
401,xichang,27.8964,102.2634,59.58,41,0,2.28,CN,1613961362
402,aromashevo,56.8602,68.6375,-24.77,86,31,2.77,RU,1613961364
403,mulanje,-16.0316,35.5,70.11,81,100,2.62,MW,1613961366
404,cidreira,-30.1811,-50.2056,75.42,77,1,18.34,BR,1613961369
405,quebec,46.8123,-71.2145,17.6,95,98,4.61,CA,1613961185
406,klaksvik,62.2266,-6.589,44.6,87,90,19.57,FO,1613961373
407,bima,-8.4667,118.7167,86.65,64,100,6.69,ID,1613961375
408,dongsheng,39.8161,109.9776,36.25,72,47,6.04,CN,1613961105
409,kashi,39.4547,75.9797,41.0,48,75,8.95,CN,1613961381
410,abong mbang,3.9833,13.1833,65.73,75,68,1.95,CM,1613961383
411,miraflores,19.2167,-98.8083,68.0,34,20,9.22,MX,1613961386
412,talnakh,69.4865,88.3972,-36.45,81,4,2.35,RU,1613961388
413,puerto narino,-3.7703,-70.3831,77.0,100,40,3.44,CO,1613961390
414,emerald,-23.5333,148.1667,102.2,16,0,8.05,AU,1613961392
415,yangliuqing,39.1375,116.9997,44.6,42,0,4.47,CN,1613961379
416,riihimaki,60.7377,24.7773,24.8,93,75,9.22,FI,1613961398
417,kidal,18.4411,1.4078,66.24,22,0,9.62,ML,1613961400
418,tautira,-17.7333,-149.15,82.4,74,75,5.75,PF,1613961402
419,grand gaube,-20.0064,57.6608,75.99,86,68,5.01,MU,1613961404
420,ampanihy,-24.7,44.75,74.7,85,58,2.59,MG,1613961407
421,wanaka,-44.7,169.15,75.99,33,100,5.99,NZ,1613961411
422,kachiry,53.0675,76.1036,-15.75,88,65,2.57,KZ,1613961413
423,bathsheba,13.2167,-59.5167,77.0,69,40,17.27,BB,1613961415
424,mingshui,36.7167,117.5,45.72,53,0,18.72,CN,1613961417
425,unguras,47.1167,24.05,30.2,100,90,2.3,RO,1613961419
426,lensk,60.7253,114.9278,-11.85,84,80,7.23,RU,1613961188
427,nadym,65.5333,72.5167,-33.18,83,91,7.9,RU,1613961423
428,iskateley,67.6803,53.1512,-12.41,90,99,7.11,RU,1613961426
429,lubango,-14.9172,13.4925,57.49,58,100,3.06,AO,1613961428
430,shimoda,34.6667,138.95,66.2,55,0,23.02,JP,1613961363
431,mundra,22.85,69.7333,73.45,37,0,9.46,IN,1613961432
432,pahrump,36.2083,-115.9839,55.99,21,0,2.53,US,1613961161
433,bandarbeyla,9.4942,50.8122,73.89,74,100,14.83,SO,1613961436
434,port hardy,50.6996,-127.4199,48.2,93,90,8.05,CA,1613961438
435,pasni,25.2631,63.471,71.2,41,0,6.11,PK,1613961440
436,linxia,35.6003,103.2064,42.15,50,100,1.63,CN,1613961443
437,tambopata,-12.7333,-69.1833,72.41,100,100,2.53,PE,1613961445
438,hualmay,-11.0964,-77.6139,70.09,79,96,8.48,PE,1613961449
439,rio gallegos,-51.6226,-69.2181,48.2,81,90,9.22,AR,1613961398
440,celestun,20.8667,-90.4,71.53,79,0,14.97,MX,1613961453
441,gizo,-8.103,156.8419,84.33,69,79,3.71,SB,1613961455
442,pangnirtung,66.1451,-65.7125,-4.77,62,54,1.52,CA,1613961457
443,mitsamiouli,-11.3847,43.2844,81.46,74,44,4.32,KM,1613961462
444,ma-ao,10.4923,122.992,79.2,85,100,1.48,PH,1613961464
445,marzuq,14.4,46.4667,58.42,71,0,1.21,YE,1613961468
446,vestmannaeyjar,63.4427,-20.2734,39.49,79,100,11.1,IS,1613961470
447,manbij,36.5281,37.9549,26.6,68,0,4.65,SY,1613961472
448,flin flon,54.7682,-101.865,32.04,98,100,12.03,CA,1613961474
449,rodnykove,45.043,33.9541,37.99,62,98,5.84,UA,1613961476
450,nuuk,64.1835,-51.7216,17.64,85,95,3.09,GL,1613961478
451,bilma,18.6853,12.9164,59.74,28,0,13.49,NE,1613961480
452,samandag,36.0842,35.9771,30.2,86,0,2.3,TR,1613961483
453,itamaraca,-7.7478,-34.8256,80.6,69,40,6.91,BR,1613961485
454,athens,37.9795,23.7162,45.0,72,0,6.58,GR,1613960770
455,manado,1.487,124.8455,86.0,70,40,10.36,ID,1613961489
456,shrewsbury,52.7101,-2.7521,46.4,100,75,2.3,GB,1613961491
457,oyama,36.3,139.8,69.01,36,20,6.91,JP,1613961493
458,kibala,9.1104,18.3463,69.8,43,0,6.29,TD,1613961495
459,inongo,-1.95,18.2667,74.7,68,99,7.65,CD,1613961497
460,nome,64.5011,-165.4064,-0.4,55,1,5.75,US,1613961500
461,lindi,-10.0,39.7167,74.19,94,99,2.53,TZ,1613961502
462,selikhino,50.3672,137.4996,11.77,92,100,2.55,RU,1613961504
463,broken hill,-31.95,141.4333,75.2,35,0,21.85,AU,1613961278
464,devils lake,48.1128,-98.8651,28.4,74,1,9.22,US,1613961508
465,half moon bay,37.4636,-122.4286,57.2,81,1,6.89,US,1613961447
466,gambela,8.25,34.5833,75.54,46,93,2.71,ET,1613961512
467,bergheim,50.9557,6.6399,51.01,75,0,1.14,DE,1613961514
468,omsukchan,62.5333,155.8,-21.33,82,4,4.97,RU,1613961516
469,sur,22.5667,59.5289,68.67,55,0,1.72,OM,1613961519
470,sangar,63.9242,127.4739,-25.08,84,100,4.34,RU,1613961521
471,thunder bay,48.4001,-89.3168,26.6,93,90,3.44,CA,1613961423
472,wagar,16.1525,36.2032,59.45,74,0,5.46,SD,1613961525
473,bilibino,68.0546,166.4372,-25.22,82,96,2.42,RU,1613961527
474,surt,31.2089,16.5887,56.89,78,20,10.65,LY,1613961529
475,belyy yar,53.6039,91.3903,10.4,79,100,2.24,RU,1613961531
476,alofi,-19.0595,-169.9187,73.4,88,90,17.27,NU,1613961533
477,praia da vitoria,38.7333,-27.0667,62.6,88,75,23.35,PT,1613961536
478,chiang khong,20.2613,100.4046,69.8,88,20,2.3,TH,1613961538
479,samarai,-10.6167,150.6667,85.28,70,79,8.03,PG,1613961540
480,naze,28.3667,129.4833,71.6,56,75,13.8,JP,1613961325
481,black river,18.0264,-77.8487,77.0,78,20,5.75,JM,1613961546
482,okhotsk,59.3833,143.3,11.84,94,100,7.16,RU,1613961548
483,chabua,27.4825,95.1736,62.6,82,0,4.61,IN,1613961550
484,seoul,37.5683,126.9778,53.6,66,75,5.75,KR,1613961487
485,red deer,52.2668,-113.802,42.8,42,75,11.5,CA,1613961431
486,bahir dar,11.5936,37.3908,65.55,49,86,3.27,ET,1613961561
487,de aar,-30.6497,24.0123,54.54,69,0,10.94,ZA,1613961563
488,alpinopolis,-20.8636,-46.3881,66.54,96,0,5.1,BR,1613961565
489,tambo,-14.8,-73.9167,37.83,95,100,2.24,PE,1613961567
490,tuy hoa,13.0833,109.3,73.92,67,100,5.79,VN,1613961569
491,talara,-4.5772,-81.2719,72.61,83,95,12.5,PE,1613961572
492,ropcha,48.1199,25.7742,33.8,64,0,3.44,UA,1613961574
493,kubuta,-26.8833,31.4833,73.4,94,100,2.3,SZ,1613961576
494,port lincoln,-34.7333,135.8667,64.63,57,97,14.92,AU,1613961578
495,coquimbo,-29.9533,-71.3436,59.0,88,0,2.3,CL,1613961359
496,bud,39.447,-86.1758,41.0,65,90,13.8,US,1613961582
497,natal,-5.795,-35.2094,80.6,78,40,12.66,BR,1613961584
498,bogorodskoye,56.55,37.8833,0.73,93,100,8.37,RU,1613961586
499,jeremie,18.65,-74.1167,76.12,71,1,7.67,HT,1613961588
500,damietta,31.4165,31.8133,57.2,77,0,5.75,EG,1613961591
501,tiarei,-17.5333,-149.3333,82.4,74,75,5.75,PF,1613961593
502,qaqortoq,60.7167,-46.0333,12.2,62,95,6.91,GL,1613961595
503,vilnius,54.6892,25.2798,30.0,100,100,6.91,LT,1613961370
504,tupiza,-21.45,-65.7167,57.88,68,100,1.97,BO,1613961601
505,lufilufi,-13.8745,-171.5986,86.0,74,90,9.22,WS,1613961603
506,mamontovo,52.7055,81.6244,3.87,94,100,2.15,RU,1613961605
507,severo-kurilsk,50.6789,156.125,31.86,93,84,10.83,RU,1613961608
508,khani,41.9563,42.9566,30.2,93,40,2.3,GE,1613961610
509,labuhan,-6.8844,112.2051,84.27,73,71,10.63,ID,1613961612
510,matagami,49.7502,-77.6328,20.5,96,100,11.7,CA,1613961614
511,kalangala,-0.3089,32.225,73.67,68,100,10.4,UG,1613961616
512,fukue,32.6881,128.8419,66.2,72,40,16.11,JP,1613961618
513,ziniare,12.5822,-1.2983,71.6,17,0,4.61,BF,1613961621
514,ust-tsilma,65.441,52.1498,-25.6,85,100,3.96,RU,1613961623
515,mao,39.8885,4.2658,59.0,82,75,8.05,ES,1613961625
516,lannion,48.75,-3.4167,46.4,93,90,10.36,FR,1613961627
517,vao,-22.6667,167.4833,80.1,79,97,19.13,NC,1613961629
518,ostrovnoy,68.0531,39.5131,-19.44,86,4,7.56,RU,1613961631
519,pangody,65.85,74.4859,-35.57,83,74,7.25,RU,1613961633
520,nanzhang,31.7765,111.8386,74.98,20,0,4.32,CN,1613961635
521,grand-lahou,5.1367,-5.0242,78.06,89,1,7.99,CI,1613961638
522,acajutla,13.5928,-89.8275,78.4,66,10,6.78,SV,1613961640
523,port augusta,-32.5,137.7667,75.0,49,90,16.11,AU,1613961642
524,oistins,13.0667,-59.5333,77.0,69,40,17.27,BB,1613961644
525,kawerau,-38.1,176.7,80.01,43,100,3.0,NZ,1613961646
526,odweyne,9.4092,45.064,58.73,65,97,9.57,SO,1613961648
527,khanpur,28.6453,70.6567,72.21,20,29,7.67,PK,1613961650
528,racine,42.7495,-88.0751,33.01,90,100,5.01,US,1613961655
529,juneau,58.3019,-134.4197,35.6,80,75,8.28,US,1613961546
530,santa maria,-29.6842,-53.8069,73.4,88,0,10.36,BR,1613961659
531,manggar,-2.8833,108.2667,84.0,72,100,9.86,ID,1613961661
532,urucara,-2.5364,-57.76,75.18,88,96,0.54,BR,1613961663
533,tres lagoas,-20.7511,-51.6783,73.83,66,0,2.64,BR,1613961665
534,ramnagar,29.4,79.1167,67.53,39,0,2.42,IN,1613961667
535,la asuncion,11.0333,-63.8628,74.41,89,92,8.32,VE,1613961669
536,janauba,-15.8025,-43.3089,69.49,90,85,3.27,BR,1613961671
537,kidodi,-7.6036,37.0044,72.07,89,100,1.43,TZ,1613961443
538,saint-augustin,51.226,-58.6502,7.97,91,89,8.32,CA,1613961676
539,bossier city,32.516,-93.7321,60.8,63,90,4.61,US,1613961678
540,laguna,38.421,-121.4238,59.0,41,1,3.15,US,1613961680
541,cairns,-16.9167,145.7667,86.0,74,98,5.75,AU,1613961511
542,kununurra,-15.7667,128.7333,86.0,62,75,16.11,AU,1613961684
543,yuzhnouralsk,54.4418,61.2536,-14.69,88,89,2.26,RU,1613961688
544,mareeba,-17.0,145.4333,86.0,74,100,5.75,AU,1613961690
545,enid,36.3956,-97.8784,37.0,80,20,4.61,US,1613961693
546,george town,5.4112,100.3354,82.4,57,20,9.22,MY,1613961695
547,karasburg,-28.0167,18.75,66.07,38,25,6.35,NA,1613961697
548,palmer,42.1584,-72.3287,18.0,67,20,2.26,US,1613961699
549,kifri,34.6959,44.9661,41.18,62,0,2.77,IQ,1613961701
550,amuntai,-2.4177,115.2494,87.28,62,100,3.58,ID,1613961544
551,covington,39.0837,-84.5086,39.2,65,1,4.61,US,1613961705
552,gaoual,11.75,-13.2,70.18,65,7,2.19,GN,1613961707
553,uige,-7.6087,15.0613,65.77,96,100,4.74,AO,1613961709
554,yola,9.2,12.4833,70.81,23,100,1.99,NG,1613961712
555,mathbaria,22.2876,89.9593,77.67,25,9,6.51,BD,1613961714
556,najran,17.4924,44.1277,60.8,36,0,3.44,SA,1613961716
557,cockburn town,21.4612,-71.1419,77.23,73,0,25.03,TC,1613961718
558,losevo,50.6767,40.045,33.44,95,100,12.44,RU,1613961720
559,meulaboh,4.1363,96.1285,82.89,76,99,2.48,ID,1613961722
560,ribas do rio pardo,-20.4431,-53.7592,72.72,67,0,2.91,BR,1613961724
561,pokhara,28.2333,83.9833,69.82,25,0,2.68,NP,1613961726
562,watsa,3.0372,29.5355,62.33,56,91,1.88,CD,1613961621
563,bandar-e lengeh,26.5579,54.8807,69.8,52,0,4.61,IR,1613961733
564,bentiu,9.2333,29.8333,66.81,25,0,4.41,SS,1613961735
565,honningsvag,70.9821,25.9704,12.83,95,100,30.0,NO,1613961737
566,tarakan,3.3,117.6333,80.6,89,75,5.75,ID,1613961739
567,jiaocheng,24.6774,116.1389,80.11,39,0,1.61,CN,1613961741
568,terrace bay,48.7834,-87.1,32.0,80,100,10.36,CA,1613961743
569,puerto vallarta,20.6204,-105.2307,73.4,83,1,6.91,MX,1613961745
570,leua,48.2156,18.6071,39.0,90,3,7.0,SK,1613961748
571,ludvika,60.1496,15.1878,37.0,100,90,4.61,SE,1613961750
572,progreso,21.2833,-89.6667,71.01,76,0,12.75,MX,1613961752
573,vila,42.0304,-8.1588,37.0,93,14,1.01,PT,1613961754
574,sabha,27.0377,14.4283,50.72,41,0,7.07,LY,1613961756
575,sumbe,-11.2061,13.8437,74.97,82,100,3.71,AO,1613961758
576,kahului,20.8947,-156.47,82.4,47,1,24.16,US,1613961679
577,ust-kuyga,70.0167,135.6,-30.32,82,63,4.16,RU,1613961764
578,tchibanga,-2.85,11.0333,70.34,98,100,1.7,GA,1613961766
579,liverpool,53.4106,-2.9779,48.2,93,75,2.3,GB,1613961667
580,hiriyur,13.9456,76.6192,70.93,69,91,6.33,IN,1613961771
581,boguchany,58.3814,97.4531,-7.56,88,100,3.49,RU,1613961773
582,santa maria del oro,25.9333,-105.3667,59.67,32,54,9.35,MX,1613961775
583,toba tek singh,30.9743,72.4827,67.01,25,66,3.33,PK,1613961777
584,yumen,40.2833,97.2,37.04,68,87,14.79,CN,1613961779
585,powell river,49.8496,-124.5361,48.2,93,90,9.22,CA,1613961783
586,chissamba,-12.1667,17.3333,60.33,93,93,2.04,AO,1613961785
587,sarkand,45.41,79.9186,28.78,87,100,4.43,KZ,1613961670
588,mondeville,49.175,-0.3224,50.0,76,0,9.22,FR,1613961790
589,glyadyanskoye,54.9075,65.0883,-17.79,88,100,5.35,RU,1613961792
590,arman,59.7,150.1667,6.24,82,100,9.64,RU,1613961794
591,marion,39.7684,-86.1555,41.0,65,90,13.8,US,1613961592
592,krutinka,56.0055,71.5113,-21.14,87,1,5.1,RU,1613961798
593,halifax,44.6453,-63.5724,24.8,68,0,5.75,CA,1613961599
594,waipawa,-41.4122,175.5153,75.2,46,91,20.71,NZ,1613961802
595,veraval,20.9,70.3667,75.11,37,1,9.13,IN,1613961609
596,lalmohan,22.3384,90.7419,75.33,37,29,7.16,BD,1613961807
597,bastia,42.6667,9.3333,55.0,87,75,16.11,FR,1613961809
598,quirinopolis,-18.4483,-50.4517,73.44,79,63,2.37,BR,1613961811
599,soligalich,59.0778,42.2864,-23.46,86,30,4.56,RU,1613961815
600,gresham,45.4982,-122.4315,50.0,81,75,18.41,US,1613961817
601,belmonte,-15.8631,-38.8828,77.0,88,20,5.75,BR,1613961819
602,ngunguru,-35.6167,174.5,73.99,69,97,10.0,NZ,1613961822
603,abalak,58.1286,68.5944,-29.97,85,47,3.36,RU,1613961824
604,kushima,31.4583,131.2333,71.6,46,40,14.97,JP,1613961826
605,dunedin,-45.8742,170.5036,66.0,72,97,17.0,NZ,1613961828
606,velikodvorskiy,55.25,40.6678,3.94,94,100,7.9,RU,1613961830
607,betera,39.5833,-0.45,52.0,93,20,5.75,ES,1613961834
608,lerwick,60.1545,-1.1494,44.6,81,49,13.8,GB,1613961836
609,mulanur,10.7667,77.7167,75.15,75,53,2.15,IN,1613961839
610,antalaha,-14.9003,50.2788,75.7,89,30,6.82,MG,1613961841
611,mangai,-4.05,19.5333,68.34,92,88,1.72,CD,1613961843
612,satipo,-11.2522,-74.6386,68.22,76,33,2.04,PE,1613961845
613,tieli,46.95,128.05,8.85,94,100,9.19,CN,1613961847
614,kalaleh,37.3807,55.4916,44.6,93,90,4.61,IR,1613961849
615,malanje,-9.5402,16.341,61.63,95,100,4.97,AO,1613961851
616,ambilobe,-13.2,49.05,73.6,93,99,1.7,MG,1613961853
617,yantzaza,-3.8278,-78.7594,67.78,84,100,1.74,EC,1613961858
618,kamenka,51.3223,42.7678,28.0,95,100,4.88,RU,1613961860
619,severo-yeniseyskiy,60.3725,93.0408,-12.26,90,100,2.86,RU,1613961862
620,markova,48.6758,24.4138,30.22,88,50,4.43,UA,1613961864
621,key west,24.5557,-81.7826,73.0,78,40,17.27,US,1613961690
622,visnes,59.3556,5.2242,43.0,87,40,11.5,NO,1613961868
623,ust-omchug,61.15,149.6333,-5.12,79,100,5.88,RU,1613961870
624,prachuap khiri khan,12.2167,99.75,80.6,69,99,6.91,TH,1613961616
625,prince albert,53.2001,-105.7677,33.8,69,90,10.36,CA,1613961877
626,gazanjyk,39.2446,55.5154,37.4,75,3,7.43,TM,1613961870
627,christchurch,-43.5333,172.6333,69.01,68,98,13.8,NZ,1613961601
628,zhanaozen,43.3,52.8,29.62,94,0,6.04,KZ,1613961883
629,koutiala,12.3917,-5.4642,72.82,19,13,9.37,ML,1613961885
630,laela,-8.5667,32.05,59.67,94,100,1.66,TZ,1613961887
631,oranjestad,12.524,-70.027,78.8,73,20,14.97,AW,1613961782
632,corinto,37.9407,22.9573,42.01,63,0,1.99,GR,1613961891
633,balkanabat,39.5108,54.3671,41.67,64,58,3.31,TM,1613961894
634,sondershausen,51.3667,10.8667,44.01,80,0,8.05,DE,1613961896
635,rabo de peixe,37.8,-25.5833,61.0,94,75,24.16,PT,1613961898
636,kuytun,54.3419,101.5036,-6.34,90,78,7.34,RU,1613961900
637,mombetsu,44.3525,143.3525,28.4,59,75,8.05,JP,1613961902
638,shiyan,32.6475,110.7781,71.44,23,65,2.44,CN,1613961907
639,damghan,36.1683,54.348,36.41,78,77,0.96,IR,1613961910
640,san policarpo,12.1791,125.5072,81.43,86,100,17.85,PH,1613961892
641,normal,40.5142,-88.9906,36.0,100,90,26.46,US,1613961915
642,nalut,30.3333,10.85,54.09,34,24,9.57,LY,1613961917
643,hella,67.2,14.4333,24.8,86,75,36.82,NO,1613961919
644,roros,62.5747,11.3842,30.2,86,20,4.61,NO,1613961921
645,loukhi,66.0764,33.0381,-21.19,87,100,6.13,RU,1613961923
646,purpe,64.4803,76.6897,-25.37,86,100,11.23,RU,1613961926
647,binzhou,37.3667,118.0167,43.77,53,0,17.56,CN,1613961928
648,dudinka,69.4058,86.1778,-41.42,80,1,1.48,RU,1613961930
649,norsup,-16.0667,167.3833,85.46,72,100,6.8,VU,1613961932
650,olafsvik,64.8945,-23.7142,37.4,79,100,6.38,IS,1613961934
651,cabo rojo,18.0866,-67.1457,72.0,96,1,1.01,PR,1613961936
652,haubourdin,50.6083,2.9914,51.01,66,0,6.91,FR,1613961938
653,shieli,44.1667,66.75,26.85,92,0,2.86,KZ,1613961940
654,caravelas,-17.7125,-39.2481,75.67,90,96,3.98,BR,1613961943
655,deputatskiy,69.3,139.9,-24.0,86,1,1.63,RU,1613961945
656,dengzhou,37.8086,120.7508,36.46,72,0,26.31,CN,1613961947
657,bahar,34.9072,48.4414,31.26,90,0,4.43,IR,1613961949
658,jati,24.3539,68.2671,71.2,30,0,8.1,PK,1613961951
659,teluknaga,-6.0989,106.6381,82.4,78,40,6.91,ID,1613961953
660,fort morgan,40.2503,-103.8,32.0,51,1,3.44,US,1613961955
661,sovetskiy,61.3614,63.5842,-30.42,84,93,5.48,RU,1613961958
662,eureka,40.8021,-124.1637,51.01,83,100,5.01,US,1613961817
663,ligayan,4.6533,119.4706,80.37,80,79,11.27,PH,1613961962
664,morant bay,17.8815,-76.4093,78.8,73,20,6.91,JM,1613961964
665,berlevag,70.8578,29.0864,3.88,92,100,24.47,NO,1613961966
666,ypsonas,34.6884,32.9574,50.0,53,98,10.85,CY,1613961970
667,tilichiki,60.4667,166.1,-7.38,87,90,10.07,RU,1613961972
668,concordia,-31.393,-58.0209,73.99,80,0,6.85,AR,1613961974
669,susanville,40.4163,-120.653,41.0,60,20,3.44,US,1613961800
670,lyuban,52.7985,28.0048,30.4,99,100,7.58,BY,1613961979
671,semnan,35.5729,53.3971,38.28,69,0,1.39,IR,1613961981
672,surok,56.4469,48.1214,-9.4,77,75,2.24,RU,1613961983
673,arequipa,-16.3989,-71.535,59.74,52,100,2.82,PE,1613961734
674,tsimlyansk,47.6461,42.1019,31.35,98,95,13.82,RU,1613961987
675,praia,14.9215,-23.5087,68.0,77,40,21.85,CV,1613961922
676,dinguiraye,11.3,-10.7167,76.42,22,8,0.67,GN,1613961991
677,skibbereen,51.55,-9.2667,37.4,93,0,3.44,IE,1613961994
678,egvekinot,66.3167,-179.1667,-17.18,87,0,0.67,RU,1613961996
679,macusani,-14.0833,-70.4333,38.57,89,100,2.33,PE,1613961998
680,fort nelson,58.8053,-122.7002,1.4,71,75,5.75,CA,1613962000
681,timizart,36.8,4.2667,55.42,72,100,10.42,DZ,1613962002
682,pacifica,37.6138,-122.4869,57.2,81,20,4.61,US,1613961994
683,denpasar,-8.65,115.2167,84.2,84,75,9.22,ID,1613962006
684,eydhafushi,5.1033,73.0708,81.5,79,97,13.11,MV,1613962008
685,chaska,44.7894,-93.6022,27.0,93,90,8.59,US,1613961990
686,sijunjung,-0.6876,100.9537,76.03,86,100,1.83,ID,1613962013
687,bilgi,16.35,75.6167,72.07,67,80,8.84,IN,1613962015
688,ginir,7.1333,40.7,57.31,55,91,0.83,ET,1613962017
689,rakhiv,48.0526,24.2009,30.2,93,75,4.61,UA,1613962019
690,tadine,-21.55,167.8833,82.22,75,100,14.99,NC,1613962021
691,spisske podhradie,49.0009,20.7531,33.01,93,75,1.14,SK,1613962023
692,alekseyevsk,57.8406,108.3492,-5.24,87,97,6.38,RU,1613962026
693,boyolangu,-8.1181,111.8935,85.17,63,87,3.96,ID,1613962028
694,piacabucu,-10.4056,-36.4344,78.1,82,8,9.69,BR,1613962030
695,benguela,-12.5763,13.4055,71.28,80,100,3.87,AO,1613962032
696,nichinan,31.6,131.3667,71.6,46,40,14.97,JP,1613962034
697,valparaiso,-33.0393,-71.6273,57.2,94,3,4.61,CL,1613962000
698,coronado,32.6859,-117.1831,64.99,39,1,13.8,US,1613962040
699,bara,10.3744,10.7288,67.06,23,98,6.33,NG,1613962043
700,yatou,37.15,122.3833,40.41,65,0,27.56,CN,1613962045
701,marau,-28.4492,-52.2,62.13,91,0,4.7,BR,1613962047
702,mahesana,23.6,72.4,66.2,45,0,4.61,IN,1613962049
703,asfi,32.2994,-9.2372,55.44,66,5,4.97,MA,1613962051
704,san jose,37.3394,-121.895,59.0,44,20,11.5,US,1613961939
705,biltine,14.5333,20.9167,63.37,26,0,11.25,TD,1613962055
706,yinchuan,38.4681,106.2731,45.54,51,96,0.47,CN,1613962057
707,cowra,-33.8333,148.6833,77.0,62,11,1.99,AU,1613962059
708,fandriana,-20.2333,47.3833,59.16,91,33,0.94,MG,1613962062
709,vila velha,-20.3297,-40.2925,78.01,88,75,4.61,BR,1613962064
710,sisimiut,66.9395,-53.6735,7.59,87,50,9.01,GL,1613962066
711,port hedland,-20.3167,118.5667,96.8,44,33,13.8,AU,1613962068
712,vadinsk,53.6916,43.0574,10.0,95,100,7.72,RU,1613962070
713,sapa,5.1544,120.3241,81.73,78,100,12.68,PH,1613962072
714,port moresby,-9.4431,147.1797,89.6,66,40,11.5,PG,1613962074
715,hammerfest,70.6634,23.6821,8.6,72,40,28.77,NO,1613962076
716,carbonia,39.1672,8.5222,59.0,88,40,19.57,IT,1613961809
717,brigantine,39.4101,-74.3646,30.99,59,1,3.44,US,1613962081
718,jacmel,18.2342,-72.5347,73.4,94,6,8.05,HT,1613962083
719,la rioja,42.25,-2.5,42.8,93,90,19.57,ES,1613962085
720,bin qirdan,33.1378,11.2197,59.05,34,2,11.05,TN,1613962087
721,gamba,-2.65,10.0,77.4,82,100,2.33,GA,1613962089
722,saquena,-4.6667,-73.5167,74.77,91,100,2.66,PE,1613962091
723,sorong,-0.8833,131.25,82.42,81,100,15.12,ID,1613961922
724,spremberg,51.5697,14.3736,36.0,85,0,1.01,DE,1613962095
725,puerto carreno,6.189,-67.4859,84.33,50,95,9.31,CO,1613961800
726,masuri,35.8488,128.1492,62.6,51,0,2.3,KR,1613962100
727,basco,20.4487,121.9702,72.45,84,100,18.03,PH,1613962102
728,puerto leguizamo,-0.1934,-74.7819,77.13,68,86,2.64,CO,1613962104
729,polunochnoye,60.8697,60.4153,-31.88,84,100,5.86,RU,1613962106
730,shilong,23.1123,113.8425,73.4,64,0,4.47,CN,1613962108
731,jibuti,11.5,42.5,68.14,86,3,7.92,DJ,1613962114
732,mananjary,-21.2167,48.3333,76.32,89,3,2.71,MG,1613962117
733,quatre cocos,-20.2078,57.7625,77.0,94,75,11.5,MU,1613962119
734,scicli,36.7902,14.7014,44.6,87,24,2.3,IT,1613962121
735,kiama,-34.6833,150.8667,73.4,78,75,16.11,AU,1613962123
736,kondinskoye,59.6481,67.41,-28.37,85,94,5.32,RU,1613962125
737,sabang,5.8933,95.3214,82.06,79,91,20.67,ID,1613962127
738,lamu,-2.2717,40.902,77.2,85,100,8.61,KE,1613962129
739,barcelos,41.5388,-8.6151,44.6,93,20,9.22,PT,1613962131
740,nemuro,43.3236,145.575,28.4,59,75,5.75,JP,1613962133
741,patharia,23.9,79.2,71.01,22,6,4.45,IN,1613962136
742,marly,50.3456,3.5496,51.01,72,100,5.99,FR,1613962138
743,ormara,25.2088,64.6357,72.82,45,0,6.38,PK,1613962140
744,alugan,12.2188,125.4808,81.19,86,100,17.07,PH,1613962142
745,tolmachevo,54.9824,82.7363,-7.6,77,0,6.71,RU,1613962144
746,kihei,20.785,-156.4656,82.4,47,1,24.16,US,1613962146
747,boa vista,2.8197,-60.6733,82.4,61,0,8.05,BR,1613962148
748,bayanday,53.0661,105.5139,-2.43,88,0,4.61,RU,1613962151
749,edd,13.9297,41.6925,74.71,84,99,6.08,ER,1613962153
750,la orilla,17.9833,-102.2333,70.83,81,0,5.97,MX,1613962155
751,rodez,44.5,2.5833,54.0,66,75,31.07,FR,1613962157
752,villa juarez,24.6536,-107.5411,68.0,56,1,7.05,MX,1613962159
753,mountain home,43.133,-115.6912,28.0,88,95,3.71,US,1613961899
754,almaznyy,48.0448,40.045,33.8,86,75,11.18,RU,1613962165
755,batalha,-9.6778,-37.1247,77.49,77,99,9.86,BR,1613962168
756,shubarkuduk,49.1447,56.4872,1.92,93,100,8.63,KZ,1613962170
757,preobrazheniye,42.9019,133.9064,32.13,88,57,6.11,RU,1613962172
758,ust-ishim,57.6935,71.1665,-26.91,85,17,3.98,RU,1613962174
759,road town,18.4167,-64.6167,78.01,78,0,15.01,VG,1613962178
760,winnemucca,40.973,-117.7357,33.8,60,1,4.61,US,1613962180
761,paignton,50.4357,-3.5679,45.0,93,100,5.99,GB,1613962184
762,urumqi,43.801,87.6005,30.2,86,75,2.24,CN,1613962077
763,litovko,49.2361,135.1742,8.2,93,100,3.24,RU,1613962189
764,port pirie,-33.1833,138.0167,71.6,49,90,16.11,AU,1613962083
765,marinette,45.1,-87.6307,30.2,93,90,13.8,US,1613962193
766,kloulklubed,7.0419,134.2556,84.2,70,75,9.22,PW,1613962195
767,baykit,61.67,96.37,-14.76,83,100,2.3,RU,1613962197
768,ciudad bolivar,8.1222,-63.5497,79.02,68,90,14.18,VE,1613962199
769,oussouye,12.485,-16.5469,68.81,35,0,6.55,SN,1613962201
770,kutum,14.2,24.6667,49.64,43,1,4.9,SD,1613962204
771,middelburg,-25.7751,29.4648,62.64,84,100,9.01,ZA,1613962206
772,castellana grotte,40.8864,17.1655,46.99,90,3,1.99,IT,1613962208
773,aklavik,68.2191,-135.0107,-20.2,76,71,4.61,CA,1613962210
774,liberal,37.0431,-100.921,26.6,54,1,6.91,US,1613962212
775,sakakah,29.9697,40.2064,46.4,46,0,11.5,SA,1613962216
776,mariental,-24.6333,17.9667,71.71,57,1,8.01,NA,1613962219
777,port blair,11.6667,92.75,80.6,78,20,3.44,IN,1613962129
778,svirstroy,60.7999,33.7248,-4.41,89,100,9.73,RU,1613962223
779,port-gentil,-0.7193,8.7815,81.19,78,100,10.38,GA,1613962225
780,buin,-33.7333,-70.75,69.01,48,0,11.5,CL,1613962227
781,karatau,43.1667,70.4667,33.28,81,100,1.72,KZ,1613962229
782,batagay,67.6333,134.6333,-25.94,81,100,1.95,RU,1613962231
783,pathein,16.7833,94.7333,89.49,36,83,7.67,MM,1613962233
784,bonavista,48.6499,-53.1147,10.99,85,100,9.22,CA,1613962235
785,mtsensk,53.2766,36.5733,33.75,96,100,11.21,RU,1613962238
786,qandala,11.472,49.8728,71.38,66,97,4.47,SO,1613962240
787,calbuco,-41.768,-73.1273,51.8,82,0,3.44,CL,1613962242
788,xilagani,40.9833,25.4167,35.01,86,0,2.95,GR,1613962244
789,yelizovo,53.1873,158.3805,35.6,51,10,13.42,RU,1613962246
790,salina,38.8403,-97.6114,37.0,51,1,12.66,US,1613962028
791,west wendover,40.7391,-114.0733,39.2,35,1,3.44,US,1613962250
792,poronaysk,49.2167,143.1167,16.65,91,18,1.59,RU,1613962252
793,acarau,-2.8856,-40.12,79.84,84,82,13.76,BR,1613962254
794,hambantota,6.1241,81.1185,77.0,100,1,5.75,LK,1613962257
795,ekhabi,53.5102,142.9671,4.06,93,96,16.78,RU,1613962259
796,luancheng,37.8792,114.6517,44.6,42,0,2.24,CN,1613962261
797,akdepe,42.0551,59.3788,26.6,80,0,2.3,TM,1613962263
798,sebastian,35.1668,-94.2669,50.0,87,1,9.22,US,1613962265
799,tateyama,34.9833,139.8667,66.2,55,0,23.02,JP,1613962267
800,pangkalanbuun,-2.6833,111.6167,88.48,57,100,3.6,ID,1613962066
801,birjand,32.8663,59.2211,46.4,61,90,13.8,IR,1613962029
802,salina cruz,16.1667,-95.2,73.98,68,0,7.58,MX,1613962274
803,carballo,43.213,-8.691,46.99,100,0,6.91,ES,1613962276
804,fort-shevchenko,44.5086,50.263,38.46,79,100,18.54,KZ,1613962278
805,kangaba,11.9333,-8.4167,76.48,19,52,5.3,ML,1613962280
806,shache,38.4167,77.2406,42.15,64,91,6.11,CN,1613962283
807,salmo,49.1999,-117.2689,39.2,75,100,12.66,CA,1613962285
808,juxtlahuaca,17.4294,-99.1467,66.04,67,20,2.39,MX,1613962287
809,pochutla,15.7432,-96.4661,75.2,78,1,3.11,MX,1613962289
810,saint-jean-de-maurienne,45.1667,6.5833,44.01,78,100,12.15,FR,1613962291
811,australind,-33.2667,115.7167,75.0,52,0,1.99,AU,1613962083
812,linqiong,30.4159,103.4609,69.01,77,100,2.51,CN,1613962295
813,balancan,17.8,-91.5333,71.24,79,2,11.77,MX,1613962297
814,khorixas,-20.3667,14.9667,65.35,49,86,2.28,NA,1613962299
815,monte alegre de sergipe,-10.0272,-37.5622,75.25,83,93,10.45,BR,1613962304
816,strezhevoy,60.7333,77.5889,-29.2,75,20,4.54,RU,1613962306
817,inirida,3.8653,-67.9239,74.7,91,84,1.97,CO,1613962308
818,north bend,43.4065,-124.2243,50.0,93,90,3.44,US,1613962310
819,qujing,25.4833,103.7833,58.8,53,0,6.11,CN,1613962312
820,borogontsy,62.6683,131.1683,-23.53,84,100,5.57,RU,1613962314
821,batagay-alyta,67.8006,130.4114,-17.32,79,100,1.95,RU,1613962318
822,tokur,53.1333,132.9,-0.36,91,100,3.51,RU,1613962321
823,nueva loja,0.0847,-76.8828,72.12,93,100,2.42,EC,1613962323
824,opuwo,-18.0607,13.84,67.33,55,94,2.91,NA,1613962325
825,hailar,49.2,119.7,-3.37,84,0,10.98,CN,1613962327
826,brooks,50.5834,-111.8851,41.0,60,100,21.85,CA,1613962329
827,san salvo,42.0433,14.7272,48.0,85,0,1.36,IT,1613962331
828,bucarasica,8.041,-72.8654,64.31,89,71,0.4,CO,1613962333
829,kayerkan,69.3497,87.7602,-36.92,81,2,1.36,RU,1613962335
830,chapais,49.7834,-74.8492,8.6,85,1,6.91,CA,1613962060
831,changping,40.2186,116.2197,51.01,23,0,8.95,CN,1613962340
832,werda,-25.2667,23.2833,70.23,65,100,10.27,BW,1613962344
833,shemgang,27.2169,90.6579,58.64,47,0,2.57,BT,1613962346
834,islahiye,37.025,36.6306,39.0,80,0,8.05,TR,1613962348
835,vasterhaninge,59.1167,18.1,39.0,68,21,3.78,SE,1613962350
836,toktogul,41.8708,72.9402,39.34,74,100,1.45,KG,1613962352
837,sandila,27.0833,80.5167,59.0,88,0,8.16,IN,1613962355
838,taltal,-25.4,-70.4833,63.63,76,1,3.91,CL,1613962357
839,lake cowichan,48.825,-124.0546,50.0,76,90,8.05,CA,1613962359
840,rawson,-43.3002,-65.1023,63.16,34,88,19.75,AR,1613962361
841,ercis,39.0287,43.3586,15.8,86,40,1.14,TR,1613962363
842,ongandjera,-17.8833,15.0667,69.21,53,99,5.19,NA,1613962365
843,kailua,21.4022,-157.7394,78.8,65,75,10.36,US,1613962110
844,rock springs,41.5875,-109.2029,21.2,68,75,31.07,US,1613962369
845,sao mateus,-18.7161,-39.8589,74.66,94,96,3.78,BR,1613962268
846,phonhong,18.5007,102.4166,77.0,69,20,4.61,LA,1613962374
847,paita,-5.0892,-81.1144,73.51,78,98,12.53,PE,1613962376
848,langenburg,49.2544,9.8458,36.0,93,0,8.05,DE,1613962380
849,grottaglie,40.5392,17.4337,48.99,89,2,1.01,IT,1613962382
850,teknaf,20.8624,92.3058,78.82,33,19,6.91,BD,1613962384
851,vrises,35.492,23.8899,55.99,76,75,6.91,GR,1613962386
852,sayyan,15.1718,44.3244,52.47,50,5,0.85,YE,1613962389
853,merauke,-8.4667,140.3333,86.14,65,100,5.84,ID,1613962391
854,ayr,55.4627,-4.6339,44.6,87,20,10.36,GB,1613962393
855,pangoa,-12.1167,-73.0,68.0,87,85,1.61,PE,1613962395
856,sobolevo,54.4299,31.8996,32.16,98,100,6.91,RU,1613962397
857,santa isabel do rio negro,-0.4139,-65.0192,74.88,96,100,2.8,BR,1613962399
858,corowa,-36.0333,146.3833,84.0,41,0,14.97,AU,1613962401
859,pak phanang,8.3511,100.202,84.2,74,20,2.3,TH,1613962403
860,guiratinga,-16.3494,-53.7583,72.73,91,81,2.51,BR,1613962406
861,paka,4.6374,103.4368,78.8,78,20,4.61,MY,1613962408
862,mercedes,-34.6515,-59.4307,73.99,83,0,15.7,AR,1613962372
863,ovalle,-30.5983,-71.2003,57.06,70,0,0.96,CL,1613962414
864,chik,54.9928,82.4311,-7.6,77,0,6.71,RU,1613962416
865,marsa matruh,31.3525,27.2453,51.8,82,40,5.75,EG,1613962418
866,newport,51.5877,-2.9984,46.99,91,100,1.01,GB,1613962425
867,sonkovo,57.7782,37.1571,-3.3,92,100,9.8,RU,1613962427
868,itaituba,-4.2761,-55.9836,74.46,87,100,0.36,BR,1613962270
869,southbridge,42.0751,-72.0334,19.0,73,0,2.55,US,1613962431
870,myitkyina,25.3833,97.4,76.41,33,0,1.74,MM,1613962433
871,benghazi,32.1167,20.0667,55.11,73,0,15.97,LY,1613962435
872,maragogi,-9.0122,-35.2225,77.36,82,0,6.67,BR,1613962437
873,mampong,7.0627,-1.4001,71.64,93,2,5.08,GH,1613962439
874,batticaloa,7.7102,81.6924,81.19,74,71,7.16,LK,1613962442
875,pedernales,18.0384,-71.744,75.72,67,1,4.34,DO,1613962444
876,sawakin,19.1059,37.3321,69.24,65,83,10.94,SD,1613962446
877,buta,2.7858,24.73,68.9,62,93,1.12,CD,1613962448
878,quang ngai,15.1167,108.8,74.44,67,64,1.05,VN,1613962450
879,gibraleon,37.3763,-6.969,48.0,68,0,3.0,ES,1613962452
880,tamandare,-8.7597,-35.1047,77.36,84,4,6.13,BR,1613962390
881,loughrea,53.1969,-8.5669,39.2,87,20,8.05,IE,1613962456
882,roslavl,53.9528,32.8639,32.47,98,100,7.14,RU,1613962459
883,sakiai,54.9547,23.0358,30.2,86,100,3.44,LT,1613962461
884,nola,40.922,14.5329,53.01,87,0,3.44,IT,1613962463
885,quthing,-30.4,27.7003,54.75,67,0,4.41,LS,1613962467
886,kefamenanu,-9.4467,124.4781,83.48,67,86,5.44,ID,1613962469
887,skowhegan,44.7651,-69.7192,24.8,54,1,4.61,US,1613962473
888,wajir,1.7471,40.0573,71.92,82,100,12.21,KE,1613962476
889,krasnoarmeysk,51.0239,45.6969,7.0,58,99,4.0,RU,1613962478
890,guadalajara,20.6667,-103.3333,69.8,21,1,4.61,MX,1613962273
891,hasaki,35.7333,140.8333,68.0,39,20,5.75,JP,1613962482
892,galle,6.0367,80.217,78.93,81,74,5.19,LK,1613962484
893,hervey bay,-25.2986,152.8535,96.8,21,6,8.05,AU,1613962408
894,shingu,33.7333,135.9833,64.4,55,20,4.61,JP,1613962490
895,ponta delgada,37.7333,-25.6667,61.0,94,75,24.16,PT,1613962494
896,zyryanka,65.75,150.85,-24.56,81,15,3.0,RU,1613962497
897,oranjemund,-28.55,16.4333,61.39,78,0,17.63,NA,1613962499
898,tupik,54.4253,119.9327,-7.49,86,97,2.66,RU,1613962501
899,bubaque,11.2833,-15.8333,76.51,65,95,9.95,GW,1613962503
900,crotone,39.0851,17.1178,46.99,79,1,4.36,IT,1613962505
901,smirnykh,49.75,142.8333,19.54,90,2,4.68,RU,1613962507
902,sulur,11.0333,77.1333,73.4,83,75,2.3,IN,1613962345
903,kaoma,-14.7833,24.8,65.32,95,100,2.35,ZM,1613962512
904,porto santo,33.072,-16.3415,62.6,77,40,16.11,PT,1613962514
905,at-bashi,41.1702,75.8106,19.4,85,100,0.51,KG,1613962516
906,vila do maio,15.1333,-23.2167,68.0,77,40,21.85,CV,1613962518
907,rath,25.5833,79.5667,70.88,23,40,5.79,IN,1613962271
908,mahajanga,-15.7167,46.3167,75.2,94,20,2.3,MG,1613962522
909,champerico,14.3,-91.9167,69.01,91,55,1.01,GT,1613962525
910,puhja,58.3419,26.3147,36.0,93,90,4.61,EE,1613962527
911,pabbi,34.0106,71.7989,60.8,63,75,6.91,PK,1613962529
912,chegdomyn,51.1167,133.0167,7.88,89,99,1.97,RU,1613962531
913,abu samrah,35.3029,37.1841,37.53,70,30,5.41,SY,1613962533
914,kimbe,-5.5502,150.1429,85.66,73,44,5.03,PG,1613962535
915,chenzhou,25.8,113.0333,66.79,69,100,2.64,CN,1613962537
916,evensk,61.95,159.2333,0.39,80,0,6.2,RU,1613962540
917,milledgeville,33.0801,-83.2321,55.4,67,90,9.22,US,1613962542
918,manta,-0.95,-80.7333,77.0,83,75,6.91,EC,1613962280
919,makurdi,7.7411,8.5121,74.89,22,94,3.24,NG,1613962546
920,khromtau,50.2503,58.4347,-12.78,89,85,4.68,KZ,1613962548
921,acari,-15.4311,-74.6158,69.31,69,90,1.9,PE,1613962550
922,maumere,-8.6199,122.2111,84.61,67,57,5.48,ID,1613962554
923,guanica,17.9716,-66.908,71.01,83,0,1.01,PR,1613962556
924,humaita,-7.5061,-63.0208,73.02,90,100,1.5,BR,1613962371
925,newcastle,-32.9272,151.7765,86.0,61,40,13.8,AU,1613962392
926,cap malheureux,-19.9842,57.6142,75.99,86,59,7.0,MU,1613962563
927,maloy,61.9353,5.1136,46.99,76,20,16.11,NO,1613962565
928,altoona,40.5187,-78.3947,26.6,46,1,6.91,US,1613962452
929,madimba,-10.4,40.3333,77.5,86,95,1.59,TZ,1613962569
930,kita,13.0349,-9.4895,73.27,21,8,4.5,ML,1613962571
931,dakar,14.6937,-17.4441,64.4,77,0,21.85,SN,1613962510
932,khryashchevka,53.8119,49.0916,-16.6,76,100,4.03,RU,1613962576
933,biryusinsk,55.9634,97.8235,7.72,91,99,2.86,RU,1613962578
934,fengzhen,40.4394,113.1536,29.98,80,3,5.37,CN,1613962580
935,petatlan,17.5167,-101.2667,69.46,77,46,4.25,MX,1613962582
936,oran,35.6911,-0.6417,51.8,87,75,16.11,DZ,1613962584
937,bosaso,11.2842,49.1816,70.57,77,98,4.07,SO,1613962588
938,phibun mangsahan,15.2447,105.2291,79.0,53,39,4.61,TH,1613962590
939,sao jose da coroa grande,-8.8978,-35.1478,77.61,83,2,6.91,BR,1613962592
940,gravdal,68.1214,13.5031,37.2,93,100,25.26,NO,1613962595
941,ushtobe,45.2514,77.9838,32.47,95,100,6.22,KZ,1613962597
942,kanniyakumari,8.0833,77.5667,79.54,75,83,19.98,IN,1613962599
943,dagua,3.6569,-76.6886,75.2,64,75,12.66,CO,1613962603
944,shizuishan,39.2333,106.7694,44.53,52,6,6.64,CN,1613962605
945,lugo,43.0,-7.5,39.0,98,95,1.01,ES,1613962607
946,cumana,10.4635,-64.1775,74.75,87,67,9.44,VE,1613962393
947,fairbanks,64.8378,-147.7164,-11.99,76,1,1.5,US,1613962612
948,nacozari,25.3366,-108.2574,63.0,73,0,1.01,MX,1613962616
949,lazaro cardenas,17.9583,-102.2,71.71,80,0,6.33,MX,1613962618
950,paraibano,-6.4331,-43.9836,72.28,92,100,1.21,BR,1613962624
951,north platte,41.1239,-100.7654,28.4,69,1,5.75,US,1613962626
952,nikolayevka,53.1257,47.2041,0.09,92,100,4.74,RU,1613962628
953,marsh harbour,26.5412,-77.0636,68.58,76,74,24.2,BS,1613962631
954,ereymentau,51.6199,73.1033,-6.23,92,100,3.24,KZ,1613962633
955,kautokeino,69.0125,23.0412,-2.56,91,100,20.09,NO,1613962635
956,otane,-39.8833,176.6333,86.0,73,74,4.0,NZ,1613962637
957,dalbandin,28.8947,64.4101,61.14,44,29,7.56,PK,1613962639
958,plouzane,48.3833,-4.6167,44.6,93,90,5.75,FR,1613962641
959,zonguldak,41.25,31.8333,28.53,96,60,2.68,TR,1613962643
960,naryan-mar,67.6713,53.087,-12.41,90,98,7.23,RU,1613962646
961,tamana,32.9167,130.5667,64.4,68,75,14.97,JP,1613962648
962,bor,56.3567,44.0669,-14.01,76,0,4.47,RU,1613962650
963,alta floresta,-9.8756,-56.0861,70.03,93,100,1.05,BR,1613962652
964,guipavas,48.4352,-4.3972,44.6,93,90,5.75,FR,1613962654
965,banka,24.8833,86.9167,73.6,29,8,5.12,IN,1613962656
966,ingham,42.6,-84.3833,30.0,64,90,20.71,US,1613962658
967,wajima,37.4,136.9,55.4,62,75,18.41,JP,1613962661
968,matadi,-5.8167,13.45,75.07,90,100,1.68,CD,1613962663
969,mnogovershinnyy,53.9353,139.9242,1.56,88,83,3.6,RU,1613962665
970,kenai,60.5544,-151.2583,23.0,68,90,9.22,US,1613962561
971,yarim,14.298,44.3779,51.31,73,70,1.9,YE,1613962669
972,scarborough,54.2797,-0.4044,46.99,93,100,8.39,GB,1613962671
